log_id,action_id,message,log_date_gmt,log_date_local
1,9,action created,2024-04-29 10:41:00,2024-04-29 10:41:00
2,10,action created,2024-04-29 10:41:00,2024-04-29 10:41:00
3,9,action started via WP Cron,2024-04-29 10:41:00,2024-04-29 10:41:00
4,9,action complete via WP Cron,2024-04-29 10:41:00,2024-04-29 10:41:00
5,11,action created,2024-04-29 10:41:01,2024-04-29 10:41:01
6,12,action created,2024-04-29 10:41:01,2024-04-29 10:41:01
7,13,action created,2024-04-29 10:41:21,2024-04-29 10:41:21
8,12,action started via Async Request,2024-04-29 10:42:00,2024-04-29 10:42:00
9,12,action complete via Async Request,2024-04-29 10:42:00,2024-04-29 10:42:00
10,14,action created,2024-04-29 10:42:00,2024-04-29 10:42:00
11,13,action started via Async Request,2024-04-29 10:42:00,2024-04-29 10:42:00
12,13,action complete via Async Request,2024-04-29 10:42:07,2024-04-29 10:42:07
13,10,action started via Async Request,2024-04-29 10:42:07,2024-04-29 10:42:07
14,10,action complete via Async Request,2024-04-29 10:42:07,2024-04-29 10:42:07
15,11,action started via WP Cron,2024-04-30 08:03:26,2024-04-30 08:03:26
16,11,action complete via WP Cron,2024-04-30 08:03:27,2024-04-30 08:03:27
17,15,action created,2024-04-30 08:03:27,2024-04-30 08:03:27
18,14,action started via WP Cron,2024-04-30 21:16:44,2024-04-30 21:16:44
19,14,action complete via WP Cron,2024-04-30 21:16:44,2024-04-30 21:16:44
20,16,action created,2024-04-30 21:16:44,2024-04-30 21:16:44
21,15,action started via WP Cron,2024-04-30 21:16:44,2024-04-30 21:16:44
22,15,action complete via WP Cron,2024-04-30 21:16:44,2024-04-30 21:16:44
23,17,action created,2024-04-30 21:16:44,2024-04-30 21:16:44
24,17,action started via WP Cron,2024-05-02 09:01:04,2024-05-02 09:01:04
25,17,action complete via WP Cron,2024-05-02 09:01:05,2024-05-02 09:01:05
26,18,action created,2024-05-02 09:01:05,2024-05-02 09:01:05
27,16,action started via WP Cron,2024-05-02 09:01:05,2024-05-02 09:01:05
28,16,action complete via WP Cron,2024-05-02 09:01:05,2024-05-02 09:01:05
29,19,action created,2024-05-02 09:01:05,2024-05-02 09:01:05
30,18,action started via WP Cron,2024-05-07 07:07:34,2024-05-07 07:07:34
31,18,action complete via WP Cron,2024-05-07 07:07:35,2024-05-07 07:07:35
32,20,action created,2024-05-07 07:07:35,2024-05-07 07:07:35
33,19,action started via WP Cron,2024-05-07 07:07:35,2024-05-07 07:07:35
34,19,action complete via WP Cron,2024-05-07 07:07:35,2024-05-07 07:07:35
35,21,action created,2024-05-07 07:07:35,2024-05-07 07:07:35
36,22,action created,2024-05-07 07:10:21,2024-05-07 07:10:21
37,22,action started via WP Cron,2024-05-07 07:10:55,2024-05-07 07:10:55
38,22,action complete via WP Cron,2024-05-07 07:10:55,2024-05-07 07:10:55
39,23,action created,2024-05-07 07:20:31,2024-05-07 07:20:31
40,24,action created,2024-05-07 07:20:47,2024-05-07 07:20:47
41,25,action created,2024-05-07 07:20:47,2024-05-07 07:20:47
42,26,action created,2024-05-07 07:20:48,2024-05-07 07:20:48
43,23,action started via WP Cron,2024-05-07 07:20:48,2024-05-07 07:20:48
44,23,action complete via WP Cron,2024-05-07 07:20:48,2024-05-07 07:20:48
45,24,action started via WP Cron,2024-05-07 07:20:48,2024-05-07 07:20:48
46,24,action complete via WP Cron,2024-05-07 07:20:48,2024-05-07 07:20:48
47,25,action started via WP Cron,2024-05-07 07:20:48,2024-05-07 07:20:48
48,25,action complete via WP Cron,2024-05-07 07:20:48,2024-05-07 07:20:48
49,27,action created,2024-05-07 07:20:48,2024-05-07 07:20:48
50,28,action created,2024-05-07 07:22:23,2024-05-07 07:22:23
51,29,action created,2024-05-07 07:22:23,2024-05-07 07:22:23
52,30,action created,2024-05-07 07:22:23,2024-05-07 07:22:23
53,26,action started via WP Cron,2024-05-07 07:22:26,2024-05-07 07:22:26
54,26,action complete via WP Cron,2024-05-07 07:22:26,2024-05-07 07:22:26
55,27,action started via WP Cron,2024-05-07 07:22:26,2024-05-07 07:22:26
56,27,action complete via WP Cron,2024-05-07 07:22:26,2024-05-07 07:22:26
57,28,action started via WP Cron,2024-05-07 07:22:26,2024-05-07 07:22:26
58,28,action complete via WP Cron,2024-05-07 07:22:26,2024-05-07 07:22:26
59,29,action started via WP Cron,2024-05-07 07:22:26,2024-05-07 07:22:26
60,29,action complete via WP Cron,2024-05-07 07:22:26,2024-05-07 07:22:26
61,30,action started via WP Cron,2024-05-07 07:22:26,2024-05-07 07:22:26
62,30,action complete via WP Cron,2024-05-07 07:22:26,2024-05-07 07:22:26
63,31,action created,2024-05-07 07:22:35,2024-05-07 07:22:35
64,32,action created,2024-05-07 07:22:35,2024-05-07 07:22:35
65,31,action started via WP Cron,2024-05-07 07:22:49,2024-05-07 07:22:49
66,31,action failed via WP Cron: Scheduled action for woocommerce_admin/stored_state_setup_for_products/async/run_remote_notifications will not be executed as no callbacks are registered.,2024-05-07 07:22:49,2024-05-07 07:22:49
67,32,action started via WP Cron,2024-05-07 07:22:49,2024-05-07 07:22:49
68,32,action complete via WP Cron,2024-05-07 07:22:49,2024-05-07 07:22:49
69,33,action created,2024-05-07 07:23:53,2024-05-07 07:23:53
70,33,action started via WP Cron,2024-05-07 07:24:48,2024-05-07 07:24:48
71,33,action complete via WP Cron,2024-05-07 07:24:48,2024-05-07 07:24:48
72,34,action created,2024-05-07 07:28:23,2024-05-07 07:28:23
73,34,action started via Async Request,2024-05-07 07:28:31,2024-05-07 07:28:31
74,34,action complete via Async Request,2024-05-07 07:28:31,2024-05-07 07:28:31
75,35,action created,2024-05-07 07:28:40,2024-05-07 07:28:40
76,36,action created,2024-05-07 07:28:40,2024-05-07 07:28:40
77,37,action created,2024-05-07 07:28:41,2024-05-07 07:28:41
78,38,action created,2024-05-07 07:28:41,2024-05-07 07:28:41
79,35,action started via WP Cron,2024-05-07 07:29:27,2024-05-07 07:29:27
80,35,action complete via WP Cron,2024-05-07 07:29:27,2024-05-07 07:29:27
81,36,action started via WP Cron,2024-05-07 07:29:27,2024-05-07 07:29:27
82,36,action complete via WP Cron,2024-05-07 07:29:27,2024-05-07 07:29:27
83,37,action started via WP Cron,2024-05-07 07:29:27,2024-05-07 07:29:27
84,37,action complete via WP Cron,2024-05-07 07:29:27,2024-05-07 07:29:27
85,38,action started via WP Cron,2024-05-07 07:29:27,2024-05-07 07:29:27
86,38,action complete via WP Cron,2024-05-07 07:29:27,2024-05-07 07:29:27
87,39,action created,2024-05-07 07:29:35,2024-05-07 07:29:35
88,40,action created,2024-05-07 07:29:35,2024-05-07 07:29:35
89,41,action created,2024-05-07 07:29:35,2024-05-07 07:29:35
90,39,action started via Async Request,2024-05-07 07:29:38,2024-05-07 07:29:38
91,39,action complete via Async Request,2024-05-07 07:29:38,2024-05-07 07:29:38
92,40,action started via Async Request,2024-05-07 07:29:38,2024-05-07 07:29:38
93,40,action complete via Async Request,2024-05-07 07:29:38,2024-05-07 07:29:38
94,41,action started via Async Request,2024-05-07 07:29:38,2024-05-07 07:29:38
95,41,action complete via Async Request,2024-05-07 07:29:38,2024-05-07 07:29:38
96,42,action created,2024-05-07 07:30:12,2024-05-07 07:30:12
97,42,action started via WP Cron,2024-05-07 07:30:58,2024-05-07 07:30:58
98,42,action complete via WP Cron,2024-05-07 07:30:58,2024-05-07 07:30:58
99,43,action created,2024-05-07 07:36:23,2024-05-07 07:36:23
100,43,action started via Async Request,2024-05-07 07:36:26,2024-05-07 07:36:26
101,43,action complete via Async Request,2024-05-07 07:36:26,2024-05-07 07:36:26
102,44,action created,2024-05-07 07:36:41,2024-05-07 07:36:41
103,45,action created,2024-05-07 07:36:42,2024-05-07 07:36:42
104,44,action started via WP Cron,2024-05-07 07:36:45,2024-05-07 07:36:45
105,44,action complete via WP Cron,2024-05-07 07:36:45,2024-05-07 07:36:45
106,45,action started via WP Cron,2024-05-07 07:36:45,2024-05-07 07:36:45
107,45,action complete via WP Cron,2024-05-07 07:36:45,2024-05-07 07:36:45
108,46,action created,2024-05-07 07:37:20,2024-05-07 07:37:20
109,46,action started via Async Request,2024-05-07 07:37:32,2024-05-07 07:37:32
110,46,action complete via Async Request,2024-05-07 07:37:32,2024-05-07 07:37:32
111,47,action created,2024-05-07 07:38:39,2024-05-07 07:38:39
112,47,action started via WP Cron,2024-05-07 07:38:55,2024-05-07 07:38:55
113,47,action complete via WP Cron,2024-05-07 07:38:55,2024-05-07 07:38:55
114,48,action created,2024-05-07 07:42:31,2024-05-07 07:42:31
115,48,action started via WP Cron,2024-05-07 07:43:10,2024-05-07 07:43:10
116,48,action complete via WP Cron,2024-05-07 07:43:10,2024-05-07 07:43:10
117,49,action created,2024-05-07 07:43:41,2024-05-07 07:43:41
118,49,action started via WP Cron,2024-05-07 07:43:45,2024-05-07 07:43:45
119,49,action complete via WP Cron,2024-05-07 07:43:45,2024-05-07 07:43:45
120,50,action created,2024-05-07 07:43:53,2024-05-07 07:43:53
121,51,action created,2024-05-07 07:43:54,2024-05-07 07:43:54
122,52,action created,2024-05-07 07:44:31,2024-05-07 07:44:31
123,50,action started via Async Request,2024-05-07 07:44:33,2024-05-07 07:44:33
124,50,action complete via Async Request,2024-05-07 07:44:33,2024-05-07 07:44:33
125,51,action started via Async Request,2024-05-07 07:44:33,2024-05-07 07:44:33
126,51,action complete via Async Request,2024-05-07 07:44:33,2024-05-07 07:44:33
127,52,action started via Async Request,2024-05-07 07:44:33,2024-05-07 07:44:33
128,52,action complete via Async Request,2024-05-07 07:44:33,2024-05-07 07:44:33
129,53,action created,2024-05-07 07:44:48,2024-05-07 07:44:48
130,53,action started via Async Request,2024-05-07 07:45:35,2024-05-07 07:45:35
131,53,action complete via Async Request,2024-05-07 07:45:35,2024-05-07 07:45:35
132,54,action created,2024-05-07 07:46:11,2024-05-07 07:46:11
133,54,action started via Async Request,2024-05-07 07:46:38,2024-05-07 07:46:38
134,54,action complete via Async Request,2024-05-07 07:46:38,2024-05-07 07:46:38
135,55,action created,2024-05-07 07:47:26,2024-05-07 07:47:26
136,55,action started via Async Request,2024-05-07 07:47:43,2024-05-07 07:47:43
137,55,action complete via Async Request,2024-05-07 07:47:43,2024-05-07 07:47:43
138,56,action created,2024-05-07 07:48:11,2024-05-07 07:48:11
139,56,action started via Async Request,2024-05-07 07:48:42,2024-05-07 07:48:42
140,56,action complete via Async Request,2024-05-07 07:48:42,2024-05-07 07:48:42
141,57,action created,2024-05-07 07:51:54,2024-05-07 07:51:54
142,57,action started via Async Request,2024-05-07 07:52:04,2024-05-07 07:52:04
143,57,action complete via Async Request,2024-05-07 07:52:04,2024-05-07 07:52:04
144,58,action created,2024-05-07 07:52:06,2024-05-07 07:52:06
145,59,action created,2024-05-07 07:52:06,2024-05-07 07:52:06
146,60,action created,2024-05-07 07:52:07,2024-05-07 07:52:07
147,58,action started via Async Request,2024-05-07 07:52:11,2024-05-07 07:52:11
148,58,action complete via Async Request,2024-05-07 07:52:11,2024-05-07 07:52:11
149,59,action started via Async Request,2024-05-07 07:52:11,2024-05-07 07:52:11
150,59,action complete via Async Request,2024-05-07 07:52:11,2024-05-07 07:52:11
151,60,action started via Async Request,2024-05-07 07:52:11,2024-05-07 07:52:11
152,60,action complete via Async Request,2024-05-07 07:52:11,2024-05-07 07:52:11
153,61,action created,2024-05-07 07:52:33,2024-05-07 07:52:33
154,62,action created,2024-05-07 07:52:33,2024-05-07 07:52:33
155,61,action started via WP Cron,2024-05-07 07:53:03,2024-05-07 07:53:03
156,61,action complete via WP Cron,2024-05-07 07:53:03,2024-05-07 07:53:03
157,62,action started via WP Cron,2024-05-07 07:53:03,2024-05-07 07:53:03
158,62,action complete via WP Cron,2024-05-07 07:53:03,2024-05-07 07:53:03
159,63,action created,2024-05-07 07:53:16,2024-05-07 07:53:16
160,63,action started via WP Cron,2024-05-07 07:54:23,2024-05-07 07:54:23
161,63,action complete via WP Cron,2024-05-07 07:54:23,2024-05-07 07:54:23
162,64,action created,2024-05-07 07:56:50,2024-05-07 07:56:50
163,64,action started via WP Cron,2024-05-07 07:56:51,2024-05-07 07:56:51
164,64,action complete via WP Cron,2024-05-07 07:56:51,2024-05-07 07:56:51
165,65,action created,2024-05-07 07:57:01,2024-05-07 07:57:01
166,66,action created,2024-05-07 07:57:01,2024-05-07 07:57:01
167,67,action created,2024-05-07 07:57:01,2024-05-07 07:57:01
168,68,action created,2024-05-07 07:57:02,2024-05-07 07:57:02
169,65,action started via Async Request,2024-05-07 07:57:21,2024-05-07 07:57:21
170,65,action complete via Async Request,2024-05-07 07:57:21,2024-05-07 07:57:21
171,66,action started via Async Request,2024-05-07 07:57:21,2024-05-07 07:57:21
172,66,action complete via Async Request,2024-05-07 07:57:21,2024-05-07 07:57:21
173,67,action started via Async Request,2024-05-07 07:57:21,2024-05-07 07:57:21
174,67,action complete via Async Request,2024-05-07 07:57:21,2024-05-07 07:57:21
175,68,action started via Async Request,2024-05-07 07:57:21,2024-05-07 07:57:21
176,68,action complete via Async Request,2024-05-07 07:57:21,2024-05-07 07:57:21
177,69,action created,2024-05-07 07:57:34,2024-05-07 07:57:34
178,70,action created,2024-05-07 07:57:34,2024-05-07 07:57:34
179,71,action created,2024-05-07 07:57:34,2024-05-07 07:57:34
180,69,action started via WP Cron,2024-05-07 07:57:46,2024-05-07 07:57:46
181,69,action complete via WP Cron,2024-05-07 07:57:46,2024-05-07 07:57:46
182,70,action started via WP Cron,2024-05-07 07:57:46,2024-05-07 07:57:46
183,70,action complete via WP Cron,2024-05-07 07:57:46,2024-05-07 07:57:46
184,71,action started via WP Cron,2024-05-07 07:57:46,2024-05-07 07:57:46
185,71,action complete via WP Cron,2024-05-07 07:57:46,2024-05-07 07:57:46
186,72,action created,2024-05-07 07:58:47,2024-05-07 07:58:47
187,72,action started via Async Request,2024-05-07 07:59:41,2024-05-07 07:59:41
188,72,action complete via Async Request,2024-05-07 07:59:41,2024-05-07 07:59:41
189,73,action created,2024-05-07 08:01:32,2024-05-07 08:01:32
190,74,action created,2024-05-07 08:01:45,2024-05-07 08:01:45
191,73,action started via WP Cron,2024-05-07 08:01:45,2024-05-07 08:01:45
192,73,action complete via WP Cron,2024-05-07 08:01:45,2024-05-07 08:01:45
193,75,action created,2024-05-07 08:01:45,2024-05-07 08:01:45
194,76,action created,2024-05-07 08:01:59,2024-05-07 08:01:59
195,77,action created,2024-05-07 08:02:40,2024-05-07 08:02:40
196,74,action started via WP Cron,2024-05-07 08:02:55,2024-05-07 08:02:55
197,74,action complete via WP Cron,2024-05-07 08:02:56,2024-05-07 08:02:56
198,75,action started via WP Cron,2024-05-07 08:02:56,2024-05-07 08:02:56
199,75,action complete via WP Cron,2024-05-07 08:02:56,2024-05-07 08:02:56
200,76,action started via WP Cron,2024-05-07 08:02:56,2024-05-07 08:02:56
201,76,action complete via WP Cron,2024-05-07 08:02:56,2024-05-07 08:02:56
202,77,action started via WP Cron,2024-05-07 08:02:56,2024-05-07 08:02:56
203,77,action complete via WP Cron,2024-05-07 08:02:56,2024-05-07 08:02:56
204,78,action created,2024-05-07 08:04:18,2024-05-07 08:04:18
205,78,action started via WP Cron,2024-05-07 08:04:50,2024-05-07 08:04:50
206,78,action complete via WP Cron,2024-05-07 08:04:51,2024-05-07 08:04:51
207,79,action created,2024-05-07 08:07:22,2024-05-07 08:07:22
208,79,action started via WP Cron,2024-05-07 08:07:52,2024-05-07 08:07:52
209,79,action complete via WP Cron,2024-05-07 08:07:52,2024-05-07 08:07:52
210,80,action created,2024-05-07 08:10:30,2024-05-07 08:10:30
211,80,action started via WP Cron,2024-05-07 08:10:48,2024-05-07 08:10:48
212,80,action complete via WP Cron,2024-05-07 08:10:48,2024-05-07 08:10:48
213,81,action created,2024-05-07 08:12:19,2024-05-07 08:12:19
214,81,action started via Async Request,2024-05-07 08:12:37,2024-05-07 08:12:37
215,81,action complete via Async Request,2024-05-07 08:12:37,2024-05-07 08:12:37
216,82,action created,2024-05-07 08:13:04,2024-05-07 08:13:04
217,82,action started via WP Cron,2024-05-07 08:13:51,2024-05-07 08:13:51
218,82,action complete via WP Cron,2024-05-07 08:13:51,2024-05-07 08:13:51
219,83,action created,2024-05-07 08:14:08,2024-05-07 08:14:08
220,83,action started via WP Cron,2024-05-07 08:14:46,2024-05-07 08:14:46
221,83,action complete via WP Cron,2024-05-07 08:14:46,2024-05-07 08:14:46
222,84,action created,2024-05-07 09:12:30,2024-05-07 09:12:30
223,84,action started via WP Cron,2024-05-07 09:12:45,2024-05-07 09:12:45
224,84,action complete via WP Cron,2024-05-07 09:12:45,2024-05-07 09:12:45
225,85,action created,2024-05-07 09:15:49,2024-05-07 09:15:49
226,85,action started via Async Request,2024-05-07 09:16:13,2024-05-07 09:16:13
227,85,action complete via Async Request,2024-05-07 09:16:13,2024-05-07 09:16:13
228,86,action created,2024-05-07 09:16:42,2024-05-07 09:16:42
229,86,action started via WP Cron,2024-05-07 09:16:54,2024-05-07 09:16:54
230,86,action complete via WP Cron,2024-05-07 09:16:54,2024-05-07 09:16:54
231,87,action created,2024-05-07 09:16:54,2024-05-07 09:16:54
232,88,action created,2024-05-07 09:17:01,2024-05-07 09:17:01
233,89,action created,2024-05-07 09:17:01,2024-05-07 09:17:01
234,90,action created,2024-05-07 09:17:01,2024-05-07 09:17:01
235,91,action created,2024-05-07 09:17:01,2024-05-07 09:17:01
236,87,action started via WP Cron,2024-05-07 09:18:05,2024-05-07 09:18:05
237,87,action complete via WP Cron,2024-05-07 09:18:06,2024-05-07 09:18:06
238,88,action started via WP Cron,2024-05-07 09:18:06,2024-05-07 09:18:06
239,88,action complete via WP Cron,2024-05-07 09:18:06,2024-05-07 09:18:06
240,89,action started via WP Cron,2024-05-07 09:18:06,2024-05-07 09:18:06
241,89,action complete via WP Cron,2024-05-07 09:18:06,2024-05-07 09:18:06
242,90,action started via WP Cron,2024-05-07 09:18:06,2024-05-07 09:18:06
243,90,action complete via WP Cron,2024-05-07 09:18:06,2024-05-07 09:18:06
244,91,action started via WP Cron,2024-05-07 09:18:06,2024-05-07 09:18:06
245,91,action complete via WP Cron,2024-05-07 09:18:06,2024-05-07 09:18:06
246,92,action created,2024-05-07 09:21:13,2024-05-07 09:21:13
247,93,action created,2024-05-07 09:21:13,2024-05-07 09:21:13
248,94,action created,2024-05-07 09:21:13,2024-05-07 09:21:13
249,95,action created,2024-05-07 09:21:16,2024-05-07 09:21:16
250,92,action started via WP Cron,2024-05-07 09:21:47,2024-05-07 09:21:47
251,92,action complete via WP Cron,2024-05-07 09:21:47,2024-05-07 09:21:47
252,93,action started via WP Cron,2024-05-07 09:21:47,2024-05-07 09:21:47
253,93,action complete via WP Cron,2024-05-07 09:21:47,2024-05-07 09:21:47
254,94,action started via WP Cron,2024-05-07 09:21:47,2024-05-07 09:21:47
255,94,action complete via WP Cron,2024-05-07 09:21:47,2024-05-07 09:21:47
256,95,action started via WP Cron,2024-05-07 09:21:47,2024-05-07 09:21:47
257,95,action complete via WP Cron,2024-05-07 09:21:47,2024-05-07 09:21:47
258,96,action created,2024-05-07 09:22:49,2024-05-07 09:22:49
259,96,action started via Async Request,2024-05-07 09:23:07,2024-05-07 09:23:07
260,96,action complete via Async Request,2024-05-07 09:23:07,2024-05-07 09:23:07
261,97,action created,2024-05-07 09:24:00,2024-05-07 09:24:00
262,97,action started via Async Request,2024-05-07 09:24:10,2024-05-07 09:24:10
263,97,action complete via Async Request,2024-05-07 09:24:10,2024-05-07 09:24:10
264,98,action created,2024-05-07 09:26:55,2024-05-07 09:26:55
265,99,action created,2024-05-07 09:27:15,2024-05-07 09:27:15
266,100,action created,2024-05-07 09:27:15,2024-05-07 09:27:15
267,101,action created,2024-05-07 09:27:15,2024-05-07 09:27:15
268,102,action created,2024-05-07 09:27:15,2024-05-07 09:27:15
269,98,action started via WP Cron,2024-05-07 09:27:56,2024-05-07 09:27:56
270,98,action complete via WP Cron,2024-05-07 09:27:56,2024-05-07 09:27:56
271,99,action started via WP Cron,2024-05-07 09:27:56,2024-05-07 09:27:56
272,99,action complete via WP Cron,2024-05-07 09:27:56,2024-05-07 09:27:56
273,100,action started via WP Cron,2024-05-07 09:27:56,2024-05-07 09:27:56
274,100,action complete via WP Cron,2024-05-07 09:27:56,2024-05-07 09:27:56
275,101,action started via WP Cron,2024-05-07 09:27:56,2024-05-07 09:27:56
276,101,action complete via WP Cron,2024-05-07 09:27:56,2024-05-07 09:27:56
277,102,action started via WP Cron,2024-05-07 09:27:56,2024-05-07 09:27:56
278,102,action complete via WP Cron,2024-05-07 09:27:56,2024-05-07 09:27:56
279,103,action created,2024-05-07 09:28:17,2024-05-07 09:28:17
280,104,action created,2024-05-07 09:28:17,2024-05-07 09:28:17
281,105,action created,2024-05-07 09:28:17,2024-05-07 09:28:17
282,106,action created,2024-05-07 09:28:22,2024-05-07 09:28:22
283,103,action started via WP Cron,2024-05-07 09:28:46,2024-05-07 09:28:46
284,103,action complete via WP Cron,2024-05-07 09:28:46,2024-05-07 09:28:46
285,104,action started via WP Cron,2024-05-07 09:28:46,2024-05-07 09:28:46
286,104,action complete via WP Cron,2024-05-07 09:28:46,2024-05-07 09:28:46
287,105,action started via WP Cron,2024-05-07 09:28:46,2024-05-07 09:28:46
288,105,action complete via WP Cron,2024-05-07 09:28:46,2024-05-07 09:28:46
289,106,action started via WP Cron,2024-05-07 09:28:46,2024-05-07 09:28:46
290,106,action complete via WP Cron,2024-05-07 09:28:46,2024-05-07 09:28:46
291,107,action created,2024-05-07 09:28:46,2024-05-07 09:28:46
292,108,action created,2024-05-07 09:28:58,2024-05-07 09:28:58
293,107,action started via Async Request,2024-05-07 09:28:59,2024-05-07 09:28:59
294,107,action complete via Async Request,2024-05-07 09:28:59,2024-05-07 09:28:59
295,108,action started via Async Request,2024-05-07 09:28:59,2024-05-07 09:28:59
296,108,action complete via Async Request,2024-05-07 09:28:59,2024-05-07 09:28:59
297,109,action created,2024-05-07 09:32:33,2024-05-07 09:32:33
298,109,action started via WP Cron,2024-05-07 09:32:45,2024-05-07 09:32:45
299,109,action complete via WP Cron,2024-05-07 09:32:45,2024-05-07 09:32:45
300,110,action created,2024-05-07 09:36:54,2024-05-07 09:36:54
301,110,action started via WP Cron,2024-05-07 09:37:54,2024-05-07 09:37:54
302,110,action complete via WP Cron,2024-05-07 09:37:54,2024-05-07 09:37:54
303,111,action created,2024-05-07 09:44:42,2024-05-07 09:44:42
304,111,action started via WP Cron,2024-05-07 09:44:45,2024-05-07 09:44:45
305,111,action complete via WP Cron,2024-05-07 09:44:45,2024-05-07 09:44:45
306,112,action created,2024-05-07 09:49:51,2024-05-07 09:49:51
307,112,action started via WP Cron,2024-05-07 09:50:57,2024-05-07 09:50:57
308,112,action complete via WP Cron,2024-05-07 09:50:57,2024-05-07 09:50:57
309,113,action created,2024-05-07 09:50:58,2024-05-07 09:50:58
310,113,action started via WP Cron,2024-05-07 09:51:48,2024-05-07 09:51:48
311,113,action complete via WP Cron,2024-05-07 09:51:48,2024-05-07 09:51:48
312,114,action created,2024-05-07 09:52:37,2024-05-07 09:52:37
313,114,action started via WP Cron,2024-05-07 09:52:45,2024-05-07 09:52:45
314,114,action complete via WP Cron,2024-05-07 09:52:45,2024-05-07 09:52:45
315,115,action created,2024-05-07 09:52:47,2024-05-07 09:52:47
316,116,action created,2024-05-07 09:52:48,2024-05-07 09:52:48
317,117,action created,2024-05-07 09:52:48,2024-05-07 09:52:48
318,115,action started via Async Request,2024-05-07 09:53:04,2024-05-07 09:53:04
319,115,action complete via Async Request,2024-05-07 09:53:04,2024-05-07 09:53:04
320,116,action started via Async Request,2024-05-07 09:53:05,2024-05-07 09:53:05
321,116,action complete via Async Request,2024-05-07 09:53:05,2024-05-07 09:53:05
322,117,action started via Async Request,2024-05-07 09:53:05,2024-05-07 09:53:05
323,117,action complete via Async Request,2024-05-07 09:53:05,2024-05-07 09:53:05
324,118,action created,2024-05-07 09:53:11,2024-05-07 09:53:11
325,119,action created,2024-05-07 09:53:11,2024-05-07 09:53:11
326,120,action created,2024-05-07 09:53:42,2024-05-07 09:53:42
327,118,action started via WP Cron,2024-05-07 09:53:47,2024-05-07 09:53:47
328,118,action complete via WP Cron,2024-05-07 09:53:47,2024-05-07 09:53:47
329,119,action started via WP Cron,2024-05-07 09:53:47,2024-05-07 09:53:47
330,119,action complete via WP Cron,2024-05-07 09:53:47,2024-05-07 09:53:47
331,120,action started via WP Cron,2024-05-07 09:53:47,2024-05-07 09:53:47
332,120,action complete via WP Cron,2024-05-07 09:53:47,2024-05-07 09:53:47
333,121,action created,2024-05-07 09:54:00,2024-05-07 09:54:00
334,121,action started via Async Request,2024-05-07 09:54:06,2024-05-07 09:54:06
335,121,action complete via Async Request,2024-05-07 09:54:06,2024-05-07 09:54:06
336,122,action created,2024-05-07 09:54:23,2024-05-07 09:54:23
337,122,action started via WP Cron,2024-05-07 09:54:44,2024-05-07 09:54:44
338,122,action complete via WP Cron,2024-05-07 09:54:44,2024-05-07 09:54:44
339,123,action created,2024-05-07 09:56:40,2024-05-07 09:56:40
340,123,action started via WP Cron,2024-05-07 09:56:45,2024-05-07 09:56:45
341,123,action complete via WP Cron,2024-05-07 09:56:45,2024-05-07 09:56:45
342,124,action created,2024-05-07 10:00:04,2024-05-07 10:00:04
343,125,action created,2024-05-07 10:00:09,2024-05-07 10:00:09
344,126,action created,2024-05-07 10:00:09,2024-05-07 10:00:09
345,127,action created,2024-05-07 10:00:09,2024-05-07 10:00:09
346,124,action started via WP Cron,2024-05-07 10:01:21,2024-05-07 10:01:21
347,124,action complete via WP Cron,2024-05-07 10:01:21,2024-05-07 10:01:21
348,125,action started via WP Cron,2024-05-07 10:01:21,2024-05-07 10:01:21
349,125,action complete via WP Cron,2024-05-07 10:01:21,2024-05-07 10:01:21
350,126,action started via WP Cron,2024-05-07 10:01:21,2024-05-07 10:01:21
351,126,action complete via WP Cron,2024-05-07 10:01:21,2024-05-07 10:01:21
352,127,action started via WP Cron,2024-05-07 10:01:21,2024-05-07 10:01:21
353,127,action complete via WP Cron,2024-05-07 10:01:21,2024-05-07 10:01:21
354,128,action created,2024-05-07 10:01:31,2024-05-07 10:01:31
355,129,action created,2024-05-07 10:01:31,2024-05-07 10:01:31
356,130,action created,2024-05-07 10:01:32,2024-05-07 10:01:32
357,131,action created,2024-05-07 10:01:32,2024-05-07 10:01:32
358,132,action created,2024-05-07 10:01:32,2024-05-07 10:01:32
359,128,action started via WP Cron,2024-05-07 10:01:53,2024-05-07 10:01:53
360,128,action complete via WP Cron,2024-05-07 10:01:53,2024-05-07 10:01:53
361,129,action started via WP Cron,2024-05-07 10:01:53,2024-05-07 10:01:53
362,129,action complete via WP Cron,2024-05-07 10:01:53,2024-05-07 10:01:53
363,130,action started via WP Cron,2024-05-07 10:01:53,2024-05-07 10:01:53
364,130,action complete via WP Cron,2024-05-07 10:01:53,2024-05-07 10:01:53
365,131,action started via WP Cron,2024-05-07 10:01:53,2024-05-07 10:01:53
366,131,action complete via WP Cron,2024-05-07 10:01:53,2024-05-07 10:01:53
367,132,action started via WP Cron,2024-05-07 10:01:53,2024-05-07 10:01:53
368,132,action complete via WP Cron,2024-05-07 10:01:53,2024-05-07 10:01:53
369,133,action created,2024-05-07 10:04:14,2024-05-07 10:04:14
370,133,action started via Async Request,2024-05-07 10:04:42,2024-05-07 10:04:42
371,133,action complete via Async Request,2024-05-07 10:04:42,2024-05-07 10:04:42
372,134,action created,2024-05-07 10:04:53,2024-05-07 10:04:53
373,134,action started via WP Cron,2024-05-07 10:05:47,2024-05-07 10:05:47
374,134,action complete via WP Cron,2024-05-07 10:05:47,2024-05-07 10:05:47
375,135,action created,2024-05-07 10:07:57,2024-05-07 10:07:57
376,135,action started via Async Request,2024-05-07 10:08:24,2024-05-07 10:08:24
377,135,action complete via Async Request,2024-05-07 10:08:24,2024-05-07 10:08:24
378,136,action created,2024-05-07 10:09:51,2024-05-07 10:09:51
379,136,action started via Async Request,2024-05-07 10:10:38,2024-05-07 10:10:38
380,136,action complete via Async Request,2024-05-07 10:10:38,2024-05-07 10:10:38
381,137,action created,2024-05-07 10:11:47,2024-05-07 10:11:47
382,137,action started via WP Cron,2024-05-07 12:27:50,2024-05-07 12:27:50
383,137,action complete via WP Cron,2024-05-07 12:27:50,2024-05-07 12:27:50
384,20,action started via WP Cron,2024-05-08 20:36:16,2024-05-08 20:36:16
385,20,action complete via WP Cron,2024-05-08 20:36:16,2024-05-08 20:36:16
386,138,action created,2024-05-08 20:36:16,2024-05-08 20:36:16
387,21,action started via WP Cron,2024-05-08 20:36:16,2024-05-08 20:36:16
388,21,action complete via WP Cron,2024-05-08 20:36:16,2024-05-08 20:36:16
389,139,action created,2024-05-08 20:36:16,2024-05-08 20:36:16
390,140,action created,2024-05-09 04:36:59,2024-05-09 04:36:59
391,140,action started via Async Request,2024-05-09 04:37:12,2024-05-09 04:37:12
392,140,action complete via Async Request,2024-05-09 04:37:12,2024-05-09 04:37:12
393,141,action created,2024-05-09 04:37:50,2024-05-09 04:37:50
394,141,action started via Async Request,2024-05-09 04:38:26,2024-05-09 04:38:26
395,141,action complete via Async Request,2024-05-09 04:38:26,2024-05-09 04:38:26